order_id,order_time,city,cuisine_type,order_value,delivery_time_minutes,payment_method,items_count
ORD100000,2025-10-05 21:16:00,Pune,Healthy,867.98,61,UPI,3
ORD100001,2025-06-07 09:40:00,Hyderabad,Fast Food,689.71,26,Wallet,3
ORD100002,2025-12-20 18:46:00,Chennai,Fast Food,440.48,30,Credit Card,4
ORD100003,2025-06-07 14:10:00,Pune,Mexican,995.17,38,Credit Card,6
ORD100004,2025-05-11 00:48:00,Bengaluru,Healthy,853.2,33,Debit Card,7
ORD100005,2025-01-02 05:07:00,Ahmedabad,North Indian,278.88,22,Wallet,2
ORD100006,2025-08-29 05:42:00,Chennai,Mexican,1102.02,45,UPI,4
ORD100007,2025-12-27 22:29:00,Chennai,Chinese,1004.79,35,UPI,2
ORD100008,2025-08-14 12:21:00,Pune,Mexican,1144.78,31,Cash,7
ORD100009,2025-11-18 06:10:00,Delhi,South Indian,898.29,37,UPI,6
ORD100010,2025-02-11 14:19:00,Bengaluru,North Indian,774.76,51,Debit Card,3
ORD100011,2025-10-11 23:44:00,Pune,South Indian,560.07,68,Debit Card,6
ORD100012,2025-05-04 06:41:00,Bengaluru,Healthy,1126.0,30,UPI,3
ORD100013,2025-10-21 16:10:00,Bengaluru,Bakery,1052.67,20,UPI,7
ORD100014,2025-06-09 07:08:00,Ahmedabad,South Indian,149.74,22,Cash,6
ORD100015,2025-01-28 12:32:00,Chennai,Chinese,129.0,39,UPI,4
ORD100016,2025-11-30 12:51:00,Hyderabad,Mexican,514.11,32,Cash,5
ORD100017,2025-03-22 17:48:00,Ahmedabad,Bakery,991.61,39,Cash,4
ORD100018,2025-03-05 07:53:00,Ahmedabad,Mexican,1186.0,26,UPI,2
ORD100019,2025-11-08 05:42:00,Bengaluru,South Indian,265.46,29,Credit Card,4
ORD100020,2025-07-23 05:23:00,Kolkata,Mexican,753.54,73,Credit Card,7
ORD100021,2025-10-18 10:13:00,Chennai,Healthy,518.98,40,Cash,1
ORD100022,2025-09-14 18:42:00,Delhi,Bakery,1166.91,55,UPI,2
ORD100023,2025-03-15 02:59:00,Ahmedabad,Healthy,1026.33,59,Credit Card,6
ORD100024,2025-11-18 17:16:00,Hyderabad,South Indian,1022.16,40,UPI,2
ORD100025,2025-02-21 15:44:00,Kolkata,Healthy,615.56,61,UPI,5
ORD100026,2025-10-21 19:09:00,Kolkata,Chinese,556.3,46,UPI,3
ORD100027,2025-03-24 03:52:00,Delhi,South Indian,400.75,24,Wallet,6
ORD100028,2025-08-21 02:54:00,Ahmedabad,South Indian,162.01,30,UPI,2
ORD100029,2025-09-18 12:49:00,Hyderabad,South Indian,1051.19,21,Wallet,6
ORD100030,2025-01-02 02:50:00,Chennai,North Indian,994.19,31,Cash,6
ORD100031,2025-06-06 03:24:00,Mumbai,Mexican,1199.69,37,Credit Card,6
ORD100032,2025-10-16 20:19:00,Hyderabad,North Indian,1196.3,40,Credit Card,3
ORD100033,2025-04-19 07:04:00,Delhi,North Indian,710.97,35,Credit Card,7
ORD100034,2025-09-20 16:18:00,Kolkata,Chinese,945.89,36,Credit Card,4
ORD100035,2025-09-20 12:49:00,Chennai,Bakery,1139.24,72,Credit Card,6
ORD100036,2025-08-02 00:36:00,Hyderabad,Mexican,1034.61,21,Credit Card,1
ORD100037,2025-05-12 11:07:00,Mumbai,Healthy,372.08,28,Credit Card,7
ORD100038,2025-03-10 05:19:00,Mumbai,Fast Food,595.6,29,Cash,5
ORD100039,2025-08-22 11:12:00,Bengaluru,South Indian,242.08,67,UPI,3
ORD100040,2025-02-18 10:55:00,Bengaluru,Healthy,1149.46,21,Debit Card,2
ORD100041,2025-01-07 09:55:00,Pune,South Indian,766.79,23,Wallet,3
ORD100042,2025-04-09 23:35:00,Delhi,Chinese,351.51,65,Debit Card,2
ORD100043,2025-09-23 10:20:00,Ahmedabad,South Indian,838.87,62,Debit Card,3
ORD100044,2025-06-26 00:19:00,Hyderabad,North Indian,779.94,22,UPI,2
ORD100045,2025-02-19 17:23:00,Hyderabad,Mexican,493.98,64,UPI,6
ORD100046,2025-11-05 17:37:00,Ahmedabad,Fast Food,224.91,73,UPI,4
ORD100047,2025-03-08 18:11:00,Pune,Italian,838.73,37,Credit Card,2
ORD100048,2025-02-03 05:56:00,Kolkata,South Indian,672.34,43,Cash,2
ORD100049,2025-07-05 18:38:00,Kolkata,Healthy,949.55,32,Credit Card,1
ORD100050,2025-02-17 00:38:00,Pune,North Indian,672.18,45,Cash,2
ORD100051,2025-11-10 19:36:00,Kolkata,Italian,1037.4,44,Cash,1
ORD100052,2025-06-21 11:58:00,Bengaluru,Fast Food,707.1,66,Debit Card,5
ORD100053,2025-01-14 11:16:00,Hyderabad,Italian,717.03,53,Debit Card,6
ORD100054,2025-11-14 19:29:00,Pune,North Indian,1064.32,49,Cash,1
ORD100055,2025-10-25 05:57:00,Hyderabad,Mexican,543.83,32,Cash,4
ORD100056,2025-11-06 13:17:00,Ahmedabad,Mexican,247.42,73,Credit Card,7
ORD100057,2025-08-21 02:33:00,Mumbai,Bakery,131.66,56,Credit Card,6
ORD100058,2025-08-24 14:15:00,Bengaluru,Mexican,930.65,53,Debit Card,1
ORD100059,2025-02-27 05:21:00,Chennai,Bakery,782.34,31,UPI,6
ORD100060,2025-01-10 18:05:00,Bengaluru,Italian,874.49,28,Cash,6
ORD100061,2025-10-10 04:27:00,Pune,Chinese,334.26,45,Credit Card,6
ORD100062,2025-01-20 03:26:00,Chennai,Healthy,250.01,38,Debit Card,5
ORD100063,2025-07-20 02:25:00,Mumbai,Healthy,116.0,49,Credit Card,4
ORD100064,2025-04-01 07:36:00,Pune,Italian,485.65,58,Cash,3
ORD100065,2025-02-08 08:03:00,Delhi,South Indian,748.91,74,Cash,3
ORD100066,2025-02-11 17:27:00,Hyderabad,South Indian,531.47,59,Wallet,1
ORD100067,2025-09-28 17:43:00,Mumbai,Mexican,581.22,48,UPI,6
ORD100068,2025-12-24 12:02:00,Hyderabad,Healthy,1094.57,17,Wallet,1
ORD100069,2025-05-17 17:52:00,Kolkata,Healthy,483.08,51,Debit Card,5
ORD100070,2025-07-08 04:33:00,Delhi,Bakery,665.39,57,Credit Card,5
ORD100071,2025-09-03 18:17:00,Delhi,Chinese,962.02,54,Debit Card,2
ORD100072,2025-06-08 01:04:00,Mumbai,North Indian,536.2,40,Cash,5
ORD100073,2025-09-05 12:24:00,Delhi,South Indian,784.3,69,Wallet,2
ORD100074,2025-05-23 05:44:00,Chennai,Healthy,1048.6,37,Wallet,4
ORD100075,2025-10-17 12:59:00,Delhi,Bakery,1144.47,58,Wallet,1
ORD100076,2025-07-08 15:10:00,Hyderabad,Fast Food,261.78,53,Debit Card,7
ORD100077,2025-11-30 15:05:00,Hyderabad,Bakery,1119.25,29,Cash,4
ORD100078,2025-03-07 14:28:00,Pune,South Indian,641.33,70,Credit Card,5
ORD100079,2025-03-01 20:13:00,Hyderabad,South Indian,384.07,63,Credit Card,4
ORD100080,2025-01-26 08:29:00,Pune,Bakery,605.05,18,Debit Card,4
ORD100081,2025-09-26 08:31:00,Hyderabad,North Indian,1178.04,43,Wallet,4
ORD100082,2025-05-26 05:38:00,Chennai,Italian,641.88,36,UPI,5
ORD100083,2025-12-19 19:33:00,Ahmedabad,South Indian,461.63,39,Debit Card,7
ORD100084,2025-04-12 15:55:00,Pune,Bakery,796.74,27,Debit Card,6
ORD100085,2025-10-20 15:58:00,Bengaluru,Healthy,364.16,32,Cash,4
ORD100086,2025-01-12 19:14:00,Kolkata,Bakery,183.45,47,Credit Card,2
ORD100087,2025-11-05 14:27:00,Mumbai,Chinese,241.77,30,Debit Card,5
ORD100088,2025-01-16 14:47:00,Hyderabad,Italian,240.85,59,Debit Card,4
ORD100089,2025-08-14 10:45:00,Delhi,Fast Food,267.09,56,Wallet,7
ORD100090,2025-04-13 06:10:00,Ahmedabad,North Indian,252.71,58,Wallet,6
ORD100091,2025-12-19 12:39:00,Hyderabad,Mexican,804.96,16,UPI,5
ORD100092,2025-02-09 09:50:00,Delhi,Fast Food,300.07,69,Cash,3
ORD100093,2025-12-23 18:21:00,Kolkata,Italian,480.23,49,UPI,6
ORD100094,2025-02-12 06:24:00,Kolkata,Italian,1086.47,56,Wallet,2
ORD100095,2025-01-30 08:43:00,Kolkata,Italian,621.36,48,Credit Card,4
ORD100096,2025-03-08 12:06:00,Delhi,Fast Food,834.31,44,Wallet,7
ORD100097,2025-09-10 09:30:00,Hyderabad,Healthy,289.55,73,Cash,3
ORD100098,2025-04-10 01:49:00,Kolkata,Italian,311.52,69,Wallet,7
ORD100099,2025-11-14 05:10:00,Chennai,Bakery,144.96,27,Cash,3
ORD100100,2025-12-16 12:16:00,Pune,Fast Food,285.83,27,Cash,5
ORD100101,2025-06-05 00:39:00,Delhi,Mexican,406.45,32,Cash,3
ORD100102,2025-09-04 23:46:00,Delhi,Italian,294.71,46,Cash,2
ORD100103,2025-09-23 10:12:00,Hyderabad,Bakery,197.57,46,Cash,2
ORD100104,2025-01-16 07:22:00,Delhi,Healthy,232.7,49,Credit Card,1
ORD100105,2025-05-19 20:53:00,Delhi,Chinese,606.86,73,UPI,2
ORD100106,2025-03-01 06:10:00,Kolkata,Healthy,326.97,53,Debit Card,6
ORD100107,2025-02-06 20:59:00,Hyderabad,Mexican,500.7,60,UPI,3
ORD100108,2025-11-24 12:34:00,Kolkata,Italian,653.76,66,Cash,2
ORD100109,2025-05-10 06:15:00,Pune,Mexican,859.43,43,Credit Card,5
ORD100110,2025-07-25 21:44:00,Ahmedabad,Fast Food,143.24,63,Wallet,7
ORD100111,2025-10-12 00:44:00,Pune,South Indian,979.35,43,Credit Card,7
ORD100112,2025-09-16 10:48:00,Ahmedabad,Italian,790.69,67,Cash,1
ORD100113,2025-02-23 12:31:00,Kolkata,South Indian,189.93,58,Credit Card,7
ORD100114,2025-01-14 17:29:00,Pune,Bakery,1060.94,71,Credit Card,3
ORD100115,2025-10-14 16:45:00,Hyderabad,Chinese,1112.96,30,Cash,1
ORD100116,2025-11-07 07:52:00,Mumbai,North Indian,167.19,70,Credit Card,3
ORD100117,2025-09-19 07:51:00,Kolkata,Mexican,404.57,58,Debit Card,5
ORD100118,2025-12-09 09:15:00,Ahmedabad,Healthy,986.82,61,Debit Card,1
ORD100119,2025-12-21 02:40:00,Chennai,Chinese,923.09,71,Credit Card,4
ORD100120,2025-06-06 04:14:00,Ahmedabad,Italian,302.97,24,Wallet,6
ORD100121,2025-07-31 23:21:00,Chennai,South Indian,330.28,44,Cash,6
ORD100122,2025-06-28 10:16:00,Delhi,Healthy,507.52,39,Debit Card,3
ORD100123,2025-07-06 22:15:00,Pune,South Indian,632.98,53,Wallet,7
ORD100124,2025-03-18 15:07:00,Chennai,Fast Food,780.08,34,Credit Card,4
ORD100125,2025-02-11 04:51:00,Ahmedabad,South Indian,505.81,19,Wallet,1
ORD100126,2025-11-12 13:40:00,Delhi,Fast Food,608.79,15,UPI,4
ORD100127,2025-07-26 03:04:00,Mumbai,Bakery,922.22,44,Debit Card,4
ORD100128,2025-04-28 17:30:00,Hyderabad,Healthy,140.35,63,Credit Card,7
ORD100129,2025-05-11 09:52:00,Hyderabad,Healthy,377.68,17,Cash,1
ORD100130,2025-05-11 01:10:00,Hyderabad,North Indian,884.68,59,Credit Card,5
ORD100131,2025-12-02 21:25:00,Chennai,Italian,1084.73,28,Cash,7
ORD100132,2025-09-26 09:30:00,Mumbai,Fast Food,662.85,70,Credit Card,4
ORD100133,2025-12-11 02:42:00,Chennai,North Indian,685.32,44,Wallet,4
ORD100134,2025-06-02 04:58:00,Pune,South Indian,217.89,64,Wallet,5
ORD100135,2025-09-06 05:14:00,Chennai,South Indian,592.15,18,Wallet,4
ORD100136,2025-06-27 19:50:00,Mumbai,North Indian,685.88,32,UPI,4
ORD100137,2025-05-13 21:11:00,Mumbai,Healthy,366.72,51,Cash,4
ORD100138,2025-10-14 09:20:00,Pune,South Indian,396.17,39,Wallet,6
ORD100139,2025-05-03 19:05:00,Mumbai,Mexican,515.01,62,UPI,7
ORD100140,2025-06-16 01:48:00,Ahmedabad,Bakery,122.08,15,Cash,2
ORD100141,2025-10-15 11:57:00,Mumbai,Bakery,454.29,67,Credit Card,7
ORD100142,2025-09-12 06:36:00,Hyderabad,Mexican,332.59,60,UPI,5
ORD100143,2025-07-08 19:23:00,Ahmedabad,North Indian,460.25,29,Debit Card,4
ORD100144,2025-04-21 03:45:00,Ahmedabad,Mexican,231.74,23,UPI,7
ORD100145,2025-03-18 14:03:00,Pune,Fast Food,1079.58,29,UPI,6
ORD100146,2025-10-25 14:03:00,Bengaluru,Fast Food,752.95,63,Cash,5
ORD100147,2025-07-05 03:27:00,Bengaluru,North Indian,847.01,71,Credit Card,3
ORD100148,2025-01-06 18:56:00,Mumbai,Mexican,968.09,38,Debit Card,7
ORD100149,2025-03-16 23:58:00,Ahmedabad,Fast Food,648.29,18,Wallet,3
ORD100150,2025-07-06 06:50:00,Bengaluru,Healthy,195.61,26,Wallet,4
ORD100151,2025-08-08 00:15:00,Bengaluru,Mexican,690.82,73,UPI,6
ORD100152,2025-08-29 08:28:00,Mumbai,Healthy,745.53,72,Cash,6
ORD100153,2025-11-05 08:05:00,Bengaluru,Fast Food,919.98,51,Cash,7
ORD100154,2025-06-03 18:05:00,Chennai,Bakery,574.83,51,Wallet,5
ORD100155,2025-07-10 04:23:00,Delhi,Fast Food,240.34,57,Debit Card,5
ORD100156,2025-04-22 15:09:00,Pune,Healthy,412.15,74,Credit Card,6
ORD100157,2025-12-21 09:47:00,Delhi,Chinese,499.39,20,Debit Card,5
ORD100158,2025-11-20 08:24:00,Mumbai,Italian,810.51,53,Credit Card,6
ORD100159,2025-02-13 07:51:00,Hyderabad,South Indian,727.86,70,Wallet,7
ORD100160,2025-08-20 20:38:00,Pune,Mexican,491.71,60,Credit Card,2
ORD100161,2025-01-01 17:09:00,Mumbai,Chinese,1185.17,38,Cash,6
ORD100162,2025-02-21 20:54:00,Ahmedabad,Fast Food,766.35,25,UPI,3
ORD100163,2025-03-12 23:24:00,Hyderabad,Bakery,360.95,27,UPI,5
ORD100164,2025-04-20 10:10:00,Delhi,North Indian,211.96,48,Wallet,6
ORD100165,2025-04-30 00:15:00,Mumbai,Fast Food,268.15,39,Cash,6
ORD100166,2025-04-01 11:05:00,Ahmedabad,Bakery,370.55,21,Debit Card,7
ORD100167,2025-08-28 10:47:00,Pune,Italian,276.75,66,Cash,5
ORD100168,2025-08-13 02:24:00,Pune,Fast Food,305.22,18,UPI,2
ORD100169,2025-05-03 13:08:00,Kolkata,Healthy,413.6,73,UPI,7
ORD100170,2025-08-27 08:35:00,Ahmedabad,North Indian,290.71,22,Cash,2
ORD100171,2025-01-03 00:16:00,Chennai,Bakery,1086.44,34,Cash,7
ORD100172,2025-05-02 00:03:00,Bengaluru,Bakery,188.26,43,UPI,5
ORD100173,2025-05-16 04:26:00,Hyderabad,Bakery,676.96,68,Debit Card,1
ORD100174,2025-06-11 04:11:00,Ahmedabad,Italian,551.44,67,Wallet,5
ORD100175,2025-04-17 01:59:00,Kolkata,Fast Food,1180.62,65,Wallet,5
ORD100176,2025-07-15 22:13:00,Bengaluru,Italian,223.24,59,Cash,2
ORD100177,2025-04-01 01:00:00,Bengaluru,Mexican,537.64,60,Wallet,2
ORD100178,2025-10-17 14:26:00,Mumbai,South Indian,1166.42,24,UPI,5
ORD100179,2025-08-30 18:47:00,Bengaluru,South Indian,1052.06,57,UPI,5
ORD100180,2025-02-20 23:30:00,Chennai,Mexican,998.78,48,Cash,5
ORD100181,2025-12-25 13:27:00,Pune,Fast Food,383.69,71,Cash,2
ORD100182,2025-10-16 21:56:00,Kolkata,Healthy,287.98,40,Cash,5
ORD100183,2025-07-18 09:36:00,Bengaluru,Italian,835.51,55,Debit Card,5
ORD100184,2025-06-05 01:51:00,Mumbai,North Indian,1122.31,63,Wallet,4
ORD100185,2025-01-01 17:34:00,Chennai,Bakery,712.44,72,Cash,1
ORD100186,2025-03-05 12:10:00,Delhi,Bakery,728.77,17,Credit Card,3
ORD100187,2025-01-16 22:06:00,Pune,Fast Food,407.98,70,Credit Card,1
ORD100188,2025-09-23 11:10:00,Pune,Healthy,946.44,20,UPI,4
ORD100189,2025-10-25 12:28:00,Kolkata,South Indian,305.75,19,Wallet,3
ORD100190,2025-07-16 06:39:00,Pune,South Indian,456.05,19,Cash,7
ORD100191,2025-08-19 17:41:00,Bengaluru,Bakery,567.98,68,Credit Card,5
ORD100192,2025-06-02 12:04:00,Mumbai,Fast Food,658.37,61,Wallet,4
ORD100193,2025-11-29 01:28:00,Pune,Italian,366.65,37,UPI,7
ORD100194,2025-01-13 22:15:00,Pune,South Indian,226.32,63,Debit Card,5
ORD100195,2025-05-18 16:45:00,Delhi,Italian,771.68,23,Wallet,2
ORD100196,2025-09-17 23:31:00,Delhi,Healthy,417.49,49,Wallet,6
ORD100197,2025-12-18 03:20:00,Hyderabad,South Indian,739.36,34,Debit Card,4
ORD100198,2025-11-29 22:13:00,Chennai,South Indian,269.8,72,Wallet,2
ORD100199,2025-11-23 11:56:00,Bengaluru,Chinese,629.25,63,UPI,4
ORD100200,2025-11-27 15:31:00,Pune,South Indian,685.85,73,UPI,4
ORD100201,2025-03-31 04:43:00,Ahmedabad,Mexican,157.01,56,Debit Card,2
ORD100202,2025-09-28 06:21:00,Pune,North Indian,470.26,49,Cash,3
ORD100203,2025-03-29 09:00:00,Mumbai,Mexican,247.86,64,Credit Card,1
ORD100204,2025-01-18 01:28:00,Hyderabad,Fast Food,169.71,32,Cash,5
ORD100205,2025-10-31 13:16:00,Chennai,Fast Food,1188.96,31,Wallet,4
ORD100206,2025-04-02 14:26:00,Ahmedabad,Italian,454.59,38,Credit Card,5
ORD100207,2025-10-13 01:45:00,Hyderabad,Mexican,990.86,17,Debit Card,6
ORD100208,2025-09-04 10:25:00,Kolkata,Mexican,380.1,46,Debit Card,2
ORD100209,2025-11-29 18:15:00,Chennai,Mexican,849.65,49,Credit Card,5
ORD100210,2025-07-21 13:04:00,Pune,Healthy,936.25,52,UPI,2
ORD100211,2025-07-29 08:13:00,Pune,South Indian,755.2,27,Credit Card,5
ORD100212,2025-09-11 13:08:00,Chennai,North Indian,618.73,70,Wallet,1
ORD100213,2025-06-11 08:01:00,Pune,Italian,553.03,61,UPI,1
ORD100214,2025-05-07 20:32:00,Bengaluru,Mexican,483.76,39,Debit Card,1
ORD100215,2025-11-15 02:34:00,Chennai,Mexican,1122.48,23,Credit Card,1
ORD100216,2025-06-23 20:51:00,Hyderabad,Chinese,1013.68,18,Cash,1
ORD100217,2025-07-24 04:37:00,Chennai,Italian,1161.53,28,Cash,1
ORD100218,2025-02-26 11:24:00,Ahmedabad,Mexican,236.73,51,Wallet,2
ORD100219,2025-09-26 08:23:00,Pune,Italian,903.95,48,Cash,4
ORD100220,2025-05-29 20:25:00,Bengaluru,South Indian,1132.17,25,Credit Card,5
ORD100221,2025-11-09 01:50:00,Bengaluru,Chinese,299.36,55,Credit Card,1
ORD100222,2025-10-20 04:02:00,Kolkata,Italian,173.15,70,Cash,2
ORD100223,2025-08-12 07:58:00,Hyderabad,North Indian,915.23,17,Credit Card,2
ORD100224,2025-08-03 21:51:00,Delhi,North Indian,731.92,73,Wallet,2
ORD100225,2025-12-24 21:36:00,Delhi,Fast Food,1026.01,42,UPI,4
ORD100226,2025-02-20 17:57:00,Chennai,Chinese,253.75,43,Wallet,5
ORD100227,2025-06-17 03:15:00,Kolkata,Chinese,974.79,23,Wallet,4
ORD100228,2025-03-22 11:27:00,Mumbai,Fast Food,321.79,17,Credit Card,3
ORD100229,2025-09-26 04:25:00,Chennai,Italian,280.02,39,UPI,7
ORD100230,2025-02-01 00:58:00,Kolkata,Chinese,280.69,48,Credit Card,2
ORD100231,2025-04-17 12:29:00,Hyderabad,North Indian,996.03,26,Debit Card,3
ORD100232,2025-03-07 20:02:00,Hyderabad,North Indian,831.72,56,Credit Card,6
ORD100233,2025-05-27 22:17:00,Hyderabad,Mexican,675.37,23,Credit Card,1
ORD100234,2025-10-21 02:18:00,Hyderabad,South Indian,494.71,29,Credit Card,7
ORD100235,2025-03-13 12:45:00,Hyderabad,Chinese,1064.92,54,UPI,1
ORD100236,2025-07-29 13:45:00,Kolkata,Italian,531.69,39,Credit Card,4
ORD100237,2025-01-14 06:16:00,Kolkata,Fast Food,998.26,19,UPI,7
ORD100238,2025-01-01 00:01:00,Bengaluru,Fast Food,583.05,25,Cash,5
ORD100239,2025-07-31 12:25:00,Ahmedabad,Italian,514.64,73,Debit Card,3
ORD100240,2025-10-28 21:27:00,Delhi,Healthy,608.95,48,UPI,5
ORD100241,2025-12-19 15:23:00,Pune,Bakery,431.52,38,Cash,4
ORD100242,2025-10-06 16:03:00,Hyderabad,South Indian,922.37,74,UPI,1
ORD100243,2025-01-30 07:27:00,Mumbai,Fast Food,652.99,29,UPI,7
ORD100244,2025-10-19 04:12:00,Pune,Chinese,355.43,52,Debit Card,5
ORD100245,2025-11-03 02:49:00,Kolkata,South Indian,1089.53,22,Wallet,5
ORD100246,2025-01-22 17:11:00,Mumbai,Chinese,522.28,73,Wallet,1
ORD100247,2025-11-01 08:34:00,Mumbai,Healthy,697.91,19,UPI,7
ORD100248,2025-06-08 10:21:00,Mumbai,North Indian,1097.12,62,Credit Card,3
ORD100249,2025-01-15 15:54:00,Bengaluru,South Indian,786.66,40,Cash,1
ORD100250,2025-05-03 03:49:00,Kolkata,Mexican,228.59,32,Credit Card,5
ORD100251,2025-01-12 17:18:00,Mumbai,Fast Food,1133.82,20,Credit Card,3
ORD100252,2025-02-23 21:51:00,Hyderabad,South Indian,790.48,51,UPI,3
ORD100253,2025-06-13 02:22:00,Chennai,South Indian,468.4,74,UPI,1
ORD100254,2025-10-28 03:38:00,Mumbai,South Indian,253.2,62,UPI,5
ORD100255,2025-10-23 02:51:00,Bengaluru,Bakery,973.43,27,UPI,4
ORD100256,2025-10-30 05:54:00,Pune,South Indian,782.08,42,Wallet,5
ORD100257,2025-05-24 10:23:00,Kolkata,Chinese,686.81,19,UPI,2
ORD100258,2025-06-18 05:10:00,Ahmedabad,North Indian,1083.28,27,Wallet,7
ORD100259,2025-04-19 03:18:00,Bengaluru,Healthy,967.46,31,Wallet,6
ORD100260,2025-06-26 13:06:00,Mumbai,Italian,266.84,64,UPI,4
ORD100261,2025-07-16 15:58:00,Kolkata,South Indian,442.89,54,Debit Card,3
ORD100262,2025-06-14 11:20:00,Chennai,Fast Food,373.34,59,Cash,4
ORD100263,2025-04-05 02:33:00,Mumbai,South Indian,918.34,46,Credit Card,7
ORD100264,2025-12-29 08:34:00,Bengaluru,Fast Food,136.89,43,Wallet,3
ORD100265,2025-06-24 04:27:00,Delhi,Chinese,726.88,65,Cash,7
ORD100266,2025-11-26 23:03:00,Hyderabad,Fast Food,938.7,72,Debit Card,3
ORD100267,2025-02-06 01:22:00,Ahmedabad,Mexican,1064.44,17,Credit Card,4
ORD100268,2025-07-06 09:48:00,Pune,Italian,476.29,70,Credit Card,3
ORD100269,2025-06-21 10:18:00,Bengaluru,North Indian,1003.38,54,Wallet,3
ORD100270,2025-03-13 05:37:00,Kolkata,Fast Food,221.69,48,UPI,2
ORD100271,2025-12-15 07:52:00,Ahmedabad,Fast Food,1031.1,54,Debit Card,5
ORD100272,2025-08-30 12:55:00,Ahmedabad,North Indian,240.24,41,Wallet,5
ORD100273,2025-11-15 01:09:00,Ahmedabad,Italian,537.02,27,Debit Card,6
ORD100274,2025-01-12 18:11:00,Mumbai,South Indian,977.02,59,UPI,6
ORD100275,2025-07-15 10:03:00,Hyderabad,Fast Food,264.91,47,UPI,2
ORD100276,2025-06-06 13:40:00,Mumbai,North Indian,352.18,20,Wallet,6
ORD100277,2025-06-14 00:54:00,Kolkata,Mexican,894.48,38,UPI,7
ORD100278,2025-10-16 15:50:00,Mumbai,Mexican,892.04,33,Cash,4
ORD100279,2025-12-08 23:15:00,Delhi,Chinese,805.26,30,Credit Card,1
ORD100280,2025-01-24 08:16:00,Hyderabad,North Indian,863.34,54,Wallet,7
ORD100281,2025-08-03 06:48:00,Hyderabad,Chinese,697.0,42,Debit Card,1
ORD100282,2025-10-11 00:23:00,Kolkata,Mexican,376.98,47,Cash,1
ORD100283,2025-06-07 14:35:00,Pune,Italian,480.27,73,Wallet,2
ORD100284,2025-01-01 08:45:00,Delhi,South Indian,299.76,73,UPI,7
ORD100285,2025-12-12 13:40:00,Bengaluru,North Indian,1099.3,62,UPI,2
ORD100286,2025-01-07 23:46:00,Mumbai,Healthy,741.73,55,UPI,3
ORD100287,2025-11-05 13:15:00,Chennai,Mexican,540.94,27,UPI,1
ORD100288,2025-08-26 20:00:00,Mumbai,Mexican,608.21,57,Debit Card,4
ORD100289,2025-08-12 20:00:00,Ahmedabad,Healthy,1142.01,59,Cash,6
ORD100290,2025-10-17 10:05:00,Mumbai,Bakery,268.69,39,Credit Card,4
ORD100291,2025-05-21 04:45:00,Bengaluru,Mexican,744.85,67,Debit Card,6
ORD100292,2025-08-26 17:26:00,Mumbai,Fast Food,656.48,56,Debit Card,1
ORD100293,2025-12-31 19:57:00,Delhi,Italian,772.6,50,Credit Card,1
ORD100294,2025-07-14 21:59:00,Delhi,North Indian,119.92,41,Credit Card,1
ORD100295,2025-10-27 04:30:00,Hyderabad,Healthy,1059.34,52,UPI,2
ORD100296,2025-05-02 13:44:00,Kolkata,Fast Food,1125.33,74,Debit Card,7
ORD100297,2025-11-03 19:17:00,Pune,Healthy,721.65,21,Wallet,6
ORD100298,2025-09-22 10:48:00,Chennai,North Indian,866.32,19,Credit Card,7
ORD100299,2025-10-20 05:29:00,Ahmedabad,Chinese,1114.75,57,Credit Card,2
ORD100300,2025-06-05 02:35:00,Mumbai,North Indian,877.96,59,Cash,2
ORD100301,2025-05-26 06:59:00,Mumbai,Bakery,267.79,72,Wallet,5
ORD100302,2025-02-20 01:42:00,Bengaluru,North Indian,733.92,71,Wallet,4
ORD100303,2025-11-16 09:33:00,Kolkata,North Indian,767.39,65,Credit Card,4
ORD100304,2025-10-10 10:44:00,Delhi,Bakery,566.54,45,UPI,3
ORD100305,2025-08-14 02:33:00,Chennai,Italian,910.09,37,Cash,2
ORD100306,2025-11-23 06:39:00,Hyderabad,Mexican,1127.8,56,Wallet,6
ORD100307,2025-05-26 04:08:00,Delhi,North Indian,1118.13,24,Credit Card,5
ORD100308,2025-01-05 15:42:00,Ahmedabad,Bakery,595.92,46,Wallet,5
ORD100309,2025-06-01 03:22:00,Kolkata,Fast Food,224.56,57,Cash,7
ORD100310,2025-09-20 07:00:00,Ahmedabad,Chinese,1183.33,67,Cash,4
ORD100311,2025-05-02 05:48:00,Pune,Chinese,1022.79,44,Debit Card,2
ORD100312,2025-09-11 04:38:00,Hyderabad,North Indian,237.13,53,Credit Card,3
ORD100313,2025-08-23 22:09:00,Pune,Italian,1112.93,45,Cash,2
ORD100314,2025-05-13 05:52:00,Bengaluru,Italian,1056.89,32,Debit Card,7
ORD100315,2025-11-29 03:11:00,Ahmedabad,Fast Food,670.72,50,Debit Card,1
ORD100316,2025-07-04 22:51:00,Bengaluru,North Indian,750.4,16,Wallet,2
ORD100317,2025-03-17 16:55:00,Mumbai,Chinese,538.9,28,Wallet,7
ORD100318,2025-03-04 05:55:00,Pune,Italian,160.24,27,Debit Card,1
ORD100319,2025-01-14 01:05:00,Kolkata,North Indian,468.72,43,Wallet,1
ORD100320,2025-12-12 21:10:00,Ahmedabad,Healthy,983.14,26,Cash,3
ORD100321,2025-10-07 12:40:00,Chennai,Italian,105.1,53,UPI,6
ORD100322,2025-03-29 14:39:00,Hyderabad,Bakery,466.85,16,Cash,4
ORD100323,2025-09-08 05:09:00,Delhi,Healthy,537.99,46,Debit Card,2
ORD100324,2025-07-21 15:07:00,Kolkata,Mexican,691.14,27,Debit Card,1
ORD100325,2025-11-12 22:14:00,Kolkata,Italian,1111.84,60,Cash,2
ORD100326,2025-07-16 06:53:00,Bengaluru,Chinese,480.98,41,Wallet,6
ORD100327,2025-12-28 14:02:00,Pune,South Indian,481.65,63,Wallet,4
ORD100328,2025-07-24 20:27:00,Ahmedabad,Healthy,911.25,55,Debit Card,6
ORD100329,2025-03-31 16:03:00,Ahmedabad,Mexican,597.44,31,Credit Card,4
ORD100330,2025-04-15 23:54:00,Mumbai,Fast Food,347.07,54,Wallet,5
ORD100331,2025-08-27 05:53:00,Mumbai,Fast Food,597.68,45,Cash,4
ORD100332,2025-12-25 16:35:00,Hyderabad,Chinese,254.94,48,Wallet,3
ORD100333,2025-05-31 10:14:00,Bengaluru,Italian,294.03,74,Cash,6
ORD100334,2025-10-17 16:53:00,Kolkata,North Indian,648.2,38,Debit Card,1
ORD100335,2025-05-16 20:17:00,Ahmedabad,Italian,560.82,59,Wallet,5
ORD100336,2025-04-11 05:21:00,Chennai,Chinese,1106.33,49,Cash,3
ORD100337,2025-12-11 04:01:00,Bengaluru,Fast Food,498.63,62,Debit Card,2
ORD100338,2025-09-24 02:45:00,Hyderabad,Italian,738.65,20,Credit Card,6
ORD100339,2025-01-25 09:00:00,Hyderabad,Fast Food,795.49,33,Cash,7
ORD100340,2025-01-04 01:34:00,Bengaluru,Healthy,114.4,44,Credit Card,7
ORD100341,2025-01-24 23:05:00,Hyderabad,Mexican,829.89,21,Credit Card,1
ORD100342,2025-07-07 20:21:00,Bengaluru,North Indian,295.84,24,UPI,4
ORD100343,2025-03-20 17:25:00,Delhi,Healthy,1157.18,55,Wallet,1
ORD100344,2025-08-31 17:50:00,Bengaluru,Fast Food,263.53,46,Cash,7
ORD100345,2025-01-19 05:00:00,Pune,Fast Food,556.09,48,Credit Card,2
ORD100346,2025-10-28 12:30:00,Bengaluru,South Indian,193.88,42,UPI,5
ORD100347,2025-09-21 20:40:00,Hyderabad,South Indian,1196.56,74,Debit Card,5
ORD100348,2025-08-12 16:40:00,Ahmedabad,Healthy,652.41,29,Cash,6
ORD100349,2025-01-19 14:37:00,Pune,Bakery,754.92,44,Credit Card,5
ORD100350,2025-08-14 16:05:00,Hyderabad,Healthy,173.78,51,Wallet,6
ORD100351,2025-11-30 13:52:00,Mumbai,South Indian,924.96,43,UPI,6
ORD100352,2025-07-17 16:30:00,Mumbai,Fast Food,330.9,36,Credit Card,6
ORD100353,2025-06-27 09:42:00,Ahmedabad,Chinese,1087.86,18,Wallet,7
ORD100354,2025-11-23 10:55:00,Ahmedabad,Healthy,325.65,34,Credit Card,7
ORD100355,2025-08-07 11:56:00,Pune,Fast Food,309.76,46,Cash,4
ORD100356,2025-07-01 04:56:00,Delhi,Chinese,140.2,50,Cash,3
ORD100357,2025-06-21 12:36:00,Ahmedabad,Chinese,619.27,64,Cash,6
ORD100358,2025-12-24 05:39:00,Mumbai,South Indian,721.33,18,UPI,6
ORD100359,2025-09-14 09:11:00,Bengaluru,Healthy,172.28,41,Cash,3
ORD100360,2025-11-03 07:40:00,Hyderabad,Italian,953.08,31,Wallet,1
ORD100361,2025-01-27 18:54:00,Mumbai,North Indian,598.62,26,Credit Card,6
ORD100362,2025-04-12 09:40:00,Mumbai,South Indian,676.83,36,Debit Card,4
ORD100363,2025-09-21 04:44:00,Delhi,South Indian,584.84,31,Wallet,5
ORD100364,2025-04-25 09:16:00,Pune,Italian,540.84,24,Wallet,5
ORD100365,2025-12-31 07:13:00,Pune,North Indian,715.6,68,Cash,2
ORD100366,2025-09-13 14:28:00,Kolkata,Fast Food,270.76,15,UPI,2
ORD100367,2025-09-08 16:10:00,Delhi,Bakery,300.12,36,Credit Card,5
ORD100368,2025-04-04 00:57:00,Bengaluru,Healthy,1047.96,40,UPI,5
ORD100369,2025-08-21 20:35:00,Pune,Bakery,1140.73,70,Credit Card,7
ORD100370,2025-10-26 17:42:00,Hyderabad,Fast Food,510.64,73,Credit Card,4
ORD100371,2025-03-22 00:41:00,Ahmedabad,Mexican,397.82,32,UPI,3
ORD100372,2025-06-15 15:15:00,Delhi,South Indian,808.4,64,Wallet,2
ORD100373,2025-06-03 19:44:00,Ahmedabad,North Indian,549.61,28,Credit Card,7
ORD100374,2025-01-17 01:13:00,Mumbai,South Indian,127.92,61,UPI,7
ORD100375,2025-04-13 12:20:00,Hyderabad,Chinese,271.77,43,Credit Card,3
ORD100376,2025-08-07 20:22:00,Hyderabad,South Indian,887.57,26,Debit Card,7
ORD100377,2025-04-28 13:34:00,Mumbai,South Indian,824.82,50,Wallet,4
ORD100378,2025-05-23 22:50:00,Delhi,Fast Food,129.81,73,Cash,5
ORD100379,2025-04-29 16:37:00,Mumbai,Fast Food,344.17,49,Credit Card,6
ORD100380,2025-04-03 13:06:00,Ahmedabad,Fast Food,354.18,66,Debit Card,3
ORD100381,2025-04-10 15:03:00,Kolkata,Bakery,839.08,26,Cash,5
ORD100382,2025-01-25 08:57:00,Hyderabad,Chinese,121.68,21,Cash,5
ORD100383,2025-06-17 02:29:00,Chennai,Mexican,214.52,43,Credit Card,1
ORD100384,2025-07-04 22:42:00,Chennai,Mexican,979.91,25,UPI,3
ORD100385,2025-03-21 06:28:00,Ahmedabad,Fast Food,296.4,47,Credit Card,7
ORD100386,2025-11-18 00:06:00,Bengaluru,North Indian,818.02,20,Debit Card,6
ORD100387,2025-03-23 05:35:00,Pune,Bakery,362.0,61,Cash,3
ORD100388,2025-01-21 22:27:00,Mumbai,Italian,209.39,29,Credit Card,7
ORD100389,2025-03-21 08:14:00,Mumbai,North Indian,367.49,46,UPI,5
ORD100390,2025-05-31 21:56:00,Bengaluru,Healthy,894.49,65,Credit Card,6
ORD100391,2025-09-02 20:53:00,Bengaluru,Healthy,1041.27,25,Wallet,7
ORD100392,2025-02-20 02:00:00,Ahmedabad,North Indian,1013.24,72,UPI,4
ORD100393,2025-01-12 03:36:00,Ahmedabad,Fast Food,536.9,37,Debit Card,7
ORD100394,2025-09-28 22:25:00,Bengaluru,Italian,834.89,40,Cash,1
ORD100395,2025-05-28 11:23:00,Hyderabad,Italian,325.48,48,Credit Card,5
ORD100396,2025-12-23 05:47:00,Ahmedabad,Bakery,422.46,60,UPI,7
ORD100397,2025-11-18 21:26:00,Kolkata,Italian,1085.97,48,Wallet,2
ORD100398,2025-11-04 04:05:00,Ahmedabad,Healthy,114.3,43,UPI,2
ORD100399,2025-06-15 20:15:00,Mumbai,Chinese,194.06,18,Wallet,1
ORD100400,2025-09-22 22:58:00,Ahmedabad,Fast Food,328.67,31,Debit Card,4
ORD100401,2025-02-04 13:39:00,Hyderabad,Italian,129.19,49,Cash,5
ORD100402,2025-09-12 14:42:00,Bengaluru,Bakery,299.58,27,Debit Card,3
ORD100403,2025-08-13 17:43:00,Mumbai,Healthy,741.35,55,Credit Card,1
ORD100404,2025-05-23 15:10:00,Ahmedabad,Chinese,563.57,53,UPI,4
ORD100405,2025-10-21 17:58:00,Hyderabad,South Indian,1081.94,29,Wallet,3
ORD100406,2025-01-12 15:46:00,Kolkata,South Indian,999.19,69,Wallet,2
ORD100407,2025-04-23 12:45:00,Ahmedabad,Chinese,476.0,43,UPI,2
ORD100408,2025-04-23 15:46:00,Hyderabad,Healthy,385.37,43,UPI,3
ORD100409,2025-03-22 21:40:00,Kolkata,Bakery,517.66,25,Credit Card,1
ORD100410,2025-04-25 13:19:00,Bengaluru,Chinese,749.32,66,Debit Card,2
ORD100411,2025-02-19 13:50:00,Ahmedabad,Fast Food,394.87,46,Wallet,5
ORD100412,2025-11-26 17:51:00,Kolkata,Fast Food,786.56,16,Credit Card,6
ORD100413,2025-03-05 12:51:00,Mumbai,South Indian,550.35,61,Debit Card,7
ORD100414,2025-06-27 03:16:00,Bengaluru,Italian,707.25,28,Credit Card,3
ORD100415,2025-01-27 14:04:00,Mumbai,Bakery,579.74,34,Wallet,3
ORD100416,2025-04-18 07:56:00,Chennai,South Indian,423.91,36,UPI,2
ORD100417,2025-11-18 13:54:00,Delhi,Italian,1143.3,25,UPI,1
ORD100418,2025-11-29 05:37:00,Ahmedabad,Italian,939.97,41,Debit Card,5
ORD100419,2025-11-15 21:27:00,Kolkata,Mexican,254.12,17,Cash,1
ORD100420,2025-08-31 21:53:00,Delhi,Fast Food,1055.31,31,Debit Card,4
ORD100421,2025-10-08 22:58:00,Delhi,Healthy,636.17,58,Cash,4
ORD100422,2025-05-10 04:54:00,Kolkata,North Indian,1084.01,70,Credit Card,6
ORD100423,2025-03-14 11:08:00,Bengaluru,Healthy,979.84,42,Credit Card,2
ORD100424,2025-09-17 01:43:00,Ahmedabad,North Indian,567.73,43,Wallet,2
ORD100425,2025-04-08 07:10:00,Chennai,Chinese,124.72,35,Cash,2
ORD100426,2025-04-18 09:34:00,Mumbai,Fast Food,395.55,61,Wallet,6
ORD100427,2025-09-13 12:57:00,Hyderabad,Italian,695.8,30,UPI,4
ORD100428,2025-11-02 20:52:00,Mumbai,Bakery,796.83,51,Cash,1
ORD100429,2025-08-13 05:37:00,Hyderabad,North Indian,383.68,73,Debit Card,6
ORD100430,2025-11-08 14:23:00,Mumbai,Healthy,253.29,34,UPI,6
ORD100431,2025-09-28 12:29:00,Kolkata,Italian,1018.42,20,UPI,1
ORD100432,2025-09-25 20:05:00,Chennai,North Indian,1182.84,33,Debit Card,2
ORD100433,2025-06-10 02:03:00,Ahmedabad,North Indian,678.26,71,UPI,5
ORD100434,2025-08-30 12:49:00,Hyderabad,Mexican,288.85,19,Cash,1
ORD100435,2025-10-15 02:40:00,Ahmedabad,North Indian,399.54,17,Wallet,4
ORD100436,2025-01-05 15:06:00,Ahmedabad,Bakery,120.23,73,UPI,3
ORD100437,2025-09-19 04:39:00,Ahmedabad,Fast Food,1105.73,15,Cash,3
ORD100438,2025-05-28 06:38:00,Pune,Bakery,229.53,72,Credit Card,7
ORD100439,2025-11-09 22:26:00,Bengaluru,South Indian,734.17,74,Cash,7
ORD100440,2025-09-01 22:35:00,Mumbai,Italian,401.46,52,Wallet,6
ORD100441,2025-05-08 06:19:00,Ahmedabad,Fast Food,709.6,29,Cash,3
ORD100442,2025-11-27 21:41:00,Mumbai,Mexican,816.56,48,Debit Card,5
ORD100443,2025-12-12 01:41:00,Ahmedabad,Fast Food,1012.72,49,Wallet,2
ORD100444,2025-06-08 16:32:00,Hyderabad,Fast Food,327.06,63,Credit Card,4
ORD100445,2025-05-19 12:17:00,Bengaluru,Healthy,112.1,39,Debit Card,7
ORD100446,2025-08-15 18:11:00,Bengaluru,Fast Food,250.57,38,Cash,5
ORD100447,2025-09-25 17:29:00,Kolkata,Mexican,1090.02,26,Wallet,4
ORD100448,2025-11-12 16:22:00,Pune,Bakery,1061.28,32,Credit Card,4
ORD100449,2025-09-28 01:44:00,Kolkata,Fast Food,757.15,29,Debit Card,2
ORD100450,2025-03-15 00:35:00,Kolkata,Chinese,760.57,58,Credit Card,6
ORD100451,2025-08-03 17:39:00,Kolkata,Italian,831.54,30,Cash,3
ORD100452,2025-12-30 17:19:00,Kolkata,Fast Food,292.91,41,Credit Card,2
ORD100453,2025-04-30 22:59:00,Kolkata,Italian,1105.85,22,UPI,5
ORD100454,2025-01-22 05:38:00,Chennai,Chinese,560.65,74,Debit Card,6
ORD100455,2025-08-09 22:43:00,Bengaluru,Chinese,521.45,60,Credit Card,5
ORD100456,2025-07-07 02:03:00,Kolkata,Italian,670.81,39,Cash,6
ORD100457,2025-09-19 14:59:00,Ahmedabad,North Indian,151.66,31,Cash,7
ORD100458,2025-01-05 02:10:00,Bengaluru,South Indian,282.91,43,Credit Card,5
ORD100459,2025-02-05 03:40:00,Bengaluru,Healthy,911.84,67,Cash,2
ORD100460,2025-06-25 02:47:00,Delhi,North Indian,191.08,22,Wallet,6
ORD100461,2025-02-07 16:03:00,Chennai,North Indian,763.47,29,Wallet,6
ORD100462,2025-03-22 13:22:00,Kolkata,Bakery,369.88,41,Wallet,4
ORD100463,2025-09-22 22:03:00,Mumbai,Healthy,528.23,60,UPI,4
ORD100464,2025-06-02 15:03:00,Hyderabad,Healthy,417.56,64,Credit Card,1
ORD100465,2025-08-01 15:52:00,Pune,North Indian,491.24,66,UPI,5
ORD100466,2025-05-20 14:42:00,Ahmedabad,Fast Food,890.95,21,Cash,4
ORD100467,2025-05-26 00:49:00,Mumbai,Bakery,426.83,17,UPI,1
ORD100468,2025-10-21 19:09:00,Chennai,Bakery,723.05,43,Cash,7
ORD100469,2025-05-30 03:50:00,Hyderabad,Chinese,623.66,58,Cash,7
ORD100470,2025-05-09 15:07:00,Chennai,Mexican,830.04,67,Debit Card,4
ORD100471,2025-05-01 07:46:00,Ahmedabad,Healthy,1130.51,38,Wallet,5
ORD100472,2025-07-20 08:34:00,Bengaluru,North Indian,905.83,74,Cash,6
ORD100473,2025-02-05 21:14:00,Hyderabad,Chinese,336.43,72,Debit Card,3
ORD100474,2025-10-27 17:35:00,Bengaluru,Italian,134.3,17,Wallet,5
ORD100475,2025-04-13 11:33:00,Ahmedabad,South Indian,388.49,34,Cash,2
ORD100476,2025-05-31 00:02:00,Mumbai,Mexican,754.59,60,Cash,7
ORD100477,2025-04-08 09:11:00,Ahmedabad,Mexican,156.57,29,UPI,4
ORD100478,2025-12-16 01:17:00,Mumbai,Mexican,646.0,39,UPI,4
ORD100479,2025-01-19 04:30:00,Hyderabad,Bakery,756.53,44,Wallet,6
ORD100480,2025-10-12 15:31:00,Hyderabad,Italian,467.67,28,Cash,2
ORD100481,2025-01-19 06:17:00,Kolkata,Mexican,948.0,21,Credit Card,6
ORD100482,2025-09-14 03:07:00,Chennai,Italian,217.26,31,UPI,2
ORD100483,2025-01-28 13:21:00,Kolkata,Fast Food,182.65,58,Wallet,3
ORD100484,2025-10-02 03:46:00,Chennai,Mexican,901.01,34,Cash,7
ORD100485,2025-12-14 20:08:00,Kolkata,South Indian,645.04,50,Cash,4
ORD100486,2025-03-07 08:54:00,Bengaluru,Italian,857.24,23,Credit Card,4
ORD100487,2025-11-26 06:03:00,Hyderabad,Italian,578.31,52,Wallet,3
ORD100488,2025-07-30 13:00:00,Mumbai,South Indian,371.04,62,Cash,1
ORD100489,2025-09-28 21:52:00,Chennai,Mexican,1001.01,71,UPI,7
ORD100490,2025-01-22 08:10:00,Ahmedabad,South Indian,979.36,74,Credit Card,6
ORD100491,2025-10-11 11:54:00,Chennai,Italian,864.17,36,Wallet,3
ORD100492,2025-06-06 08:49:00,Mumbai,South Indian,399.36,68,Credit Card,6
ORD100493,2025-12-07 23:35:00,Kolkata,Italian,749.25,67,UPI,5
ORD100494,2025-03-20 00:17:00,Chennai,Italian,497.07,67,Wallet,4
ORD100495,2025-03-03 10:41:00,Pune,Fast Food,200.74,16,Credit Card,6
ORD100496,2025-03-01 04:16:00,Bengaluru,North Indian,1109.04,38,Debit Card,2
ORD100497,2025-01-30 09:12:00,Hyderabad,Italian,250.5,22,UPI,6
ORD100498,2025-10-03 00:21:00,Mumbai,Mexican,1145.26,25,UPI,5
ORD100499,2025-05-20 20:21:00,Hyderabad,Chinese,590.61,27,UPI,7
